{"cameraMode":{"drawMode":0,"name":"Shaded","section":"Shading Mode"},"sceneLighting":true,"audioPlay":false,"sceneViewState":{"m_AlwaysRefresh":false,"showFog":true,"showSkybox":true,"showFlares":true,"showImageEffects":true,"showParticleSystems":true,"showVisualEffectGraphs":true,"m_FxEnabled":true},"in2DMode":false,"pivot":{"x":-0.7900000214576721,"y":0.8600000143051148,"z":4.900000095367432},"rotation":{"x":-0.31294625997543337,"y":-0.009405435062944889,"z":0.0030991642270237209,"w":-0.9497193098068237},"size":4.612357139587402,"orthographic":false}